<project xmlns="http://maven.apache.org/POM/4.0.0" xmlns:xsi="http://www.w3.org/2001/XMLSchema-instance"
         xsi:schemaLocation="http://maven.apache.org/POM/4.0.0 http://maven.apache.org/xsd/maven-4.0.0.xsd">
    <modelVersion>4.0.0</modelVersion>
    <parent>
        <groupId>com.springreport</groupId>
        <artifactId>parent</artifactId>
        <version>2.1.0</version>
    </parent>

    <artifactId>common</artifactId>

    <dependencies>
        <dependency>
            <groupId>com.aspose</groupId>
            <artifactId>aspose-words</artifactId>
            <version>15.8.0</version>
            <scope>system</scope>
            <systemPath>${project.basedir}/lib/aspose-words-15.8.0-jdk16.jar</systemPath>
        </dependency>
        <dependency>
            <groupId>io.swagger</groupId>
            <artifactId>swagger-annotations</artifactId>
            <version>1.6.6</version>
        </dependency>
    </dependencies>

    <build>
        <resources>
            <resource>
                <directory>${project.basedir}/lib</directory>
                <targetPath>BOOT-INF/lib/</targetPath>
            </resource>
        </resources>
    </build>
</project>