<project xmlns="http://maven.apache.org/POM/4.0.0" xmlns:xsi="http://www.w3.org/2001/XMLSchema-instance"
         xsi:schemaLocation="http://maven.apache.org/POM/4.0.0 http://maven.apache.org/xsd/maven-4.0.0.xsd">
    <modelVersion>4.0.0</modelVersion>
    <parent>
        <groupId>com.springreport</groupId>
        <artifactId>parent</artifactId>
        <version>2.1.0</version>
    </parent>
    <artifactId>SpringReport</artifactId>

	<dependencyManagement>
		<dependencies>
			<dependency>
				<groupId>com.github.xiaoymin</groupId>
				<artifactId>knife4j-dependencies</artifactId>
				<version>4.5.0</version>
				<type>pom</type>
				<scope>import</scope>
			</dependency>
		</dependencies>
	</dependencyManagement>

    <dependencies>
        <dependency>
            <groupId>com.springreport</groupId>
            <artifactId>service</artifactId>
            <version>${project.version}</version>
        </dependency>

		<dependency>
			<groupId>javax.validation</groupId>
			<artifactId>validation-api</artifactId>
			<version>2.0.1.Final</version>
		</dependency>

        <dependency>
            <groupId>com.github.xiaoymin</groupId>
            <artifactId>knife4j-openapi2-spring-boot-starter</artifactId>
        </dependency>
        <dependency>
            <groupId>io.springfox</groupId>
            <artifactId>springfox-swagger-ui</artifactId>
            <version>2.10.5</version>
        </dependency>
    </dependencies>
    <build>
        <resources>
            <resource>
                <directory>src/main/resources</directory>
                <filtering>true</filtering>
            </resource>
            <resource>
                <directory>${project.basedir}/lib</directory>
                <targetPath>BOOT-INF/lib/</targetPath>
            </resource>
        </resources>
        <plugins>
            <plugin>
                <groupId>org.springframework.boot</groupId>
                <artifactId>spring-boot-maven-plugin</artifactId>
                <version>${spring-boot.version}</version>
                <configuration>
                    <includeSystemScope>true</includeSystemScope>
                    <fork>true</fork>
                </configuration>
                <executions>
                    <execution>
                        <goals>
                            <goal>repackage</goal>
                        </goals>
                    </execution>
                </executions>
            </plugin>
        </plugins>
        <finalName>SpringReport</finalName>
    </build>
</project>